GVID-100001,nginx-core-2010-0121
GVID-100002,nginx-cve-2009-2629
GVID-100003,nginx-cve-2009-3555
GVID-100004,nginx-cve-2009-3896
GVID-100005,nginx-cve-2009-3898
GVID-100006,nginx-cve-2010-2263
GVID-100007,nginx-cve-2010-2266
GVID-100008,nginx-cve-2011-4315
GVID-100009,nginx-cve-2011-4963
GVID-100010,nginx-cve-2012-1180
GVID-100011,nginx-cve-2012-2089
GVID-100012,nginx-cve-2013-2028
GVID-100013,nginx-cve-2013-2070
GVID-100014,nginx-cve-2013-4547
GVID-100015,nginx-cve-2014-0088
GVID-100016,nginx-cve-2014-0133
GVID-100017,nginx-cve-2014-3556
GVID-100018,nginx-cve-2014-3616
GVID-100019,nginx-cve-2016-0742
GVID-100020,nginx-cve-2016-0746
GVID-100021,nginx-cve-2016-0747
GVID-100022,nginx-cve-2016-4450
GVID-100023,nginx-cve-2017-7529
GVID-100024,nginx-cve-2018-16843
GVID-100025,nginx-cve-2018-16844
GVID-100026,nginx-cve-2018-16845
GVID-100027,nginx-cve-2019-9511
GVID-100028,nginx-cve-2019-9513
GVID-100029,nginx-cve-2019-9516
GVID-100030,postgres-alter-column-type-dos
GVID-100031,postgres-ascii-bof
GVID-100032,postgres-cash-words-bof
GVID-100033,postgres-char-conv-func
GVID-100034,postgres-circle-poly-bof
GVID-100035,postgres-commit-rollback-v3-log-dos
GVID-100036,postgres-connection-flooding-dos
GVID-100037,postgres-cve-2009-0922
GVID-100038,postgres-cve-2009-3229
GVID-100039,postgres-cve-2009-3230
GVID-100040,postgres-cve-2009-3231
GVID-100041,postgres-cve-2009-4034
GVID-100042,postgres-cve-2009-4136
GVID-100043,postgres-cve-2010-1169
GVID-100044,postgres-cve-2010-1170
GVID-100045,postgres-cve-2010-1975
GVID-100046,postgres-cve-2010-3433
GVID-100047,postgres-cve-2010-4015
GVID-100048,postgres-cve-2012-0866
GVID-100049,postgres-cve-2012-0867
GVID-100050,postgres-cve-2012-0868
GVID-100051,postgres-cve-2012-2143
GVID-100052,postgres-cve-2012-2655
GVID-100053,postgres-cve-2012-3488
GVID-100054,postgres-cve-2012-3489
GVID-100055,postgres-cve-2013-0255
GVID-100056,postgres-cve-2013-1900
GVID-100057,postgres-cve-2013-1901
GVID-100058,postgres-cve-2013-1902
GVID-100059,postgres-cve-2013-1903
GVID-100060,postgres-cve-2014-0060
GVID-100061,postgres-cve-2014-0061
GVID-100062,postgres-cve-2014-0062
GVID-100063,postgres-cve-2014-0063
GVID-100064,postgres-cve-2014-0064
GVID-100065,postgres-cve-2014-0065
GVID-100066,postgres-cve-2014-0066
GVID-100067,postgres-cve-2014-0067
GVID-100068,postgres-cve-2014-8161
GVID-100069,postgres-cve-2015-0241
GVID-100070,postgres-cve-2015-0242
GVID-100071,postgres-cve-2015-0243
GVID-100072,postgres-cve-2015-0244
GVID-100073,postgres-cve-2015-3165
GVID-100074,postgres-cve-2015-3166
GVID-100075,postgres-cve-2015-3167
GVID-100076,postgres-cve-2015-5288
GVID-100077,postgres-cve-2015-5289
GVID-100078,postgres-cve-2016-0766
GVID-100079,postgres-cve-2016-0773
GVID-100080,postgres-cve-2016-2193
GVID-100081,postgres-cve-2016-3065
GVID-100082,postgres-cve-2016-5423
GVID-100083,postgres-cve-2016-5424
GVID-100084,postgres-cve-2016-7048
GVID-100085,postgres-cve-2017-12172
GVID-100086,postgres-cve-2017-15098
GVID-100087,postgres-cve-2017-15099
GVID-100088,postgres-cve-2017-7484
GVID-100089,postgres-cve-2017-7485
GVID-100090,postgres-cve-2017-7486
GVID-100091,postgres-cve-2017-7546
GVID-100092,postgres-cve-2017-7547
GVID-100093,postgres-cve-2017-7548
GVID-100094,postgres-cve-2018-1052
GVID-100095,postgres-cve-2018-1053
GVID-100096,postgres-cve-2018-1058
GVID-100097,postgres-cve-2018-10915
GVID-100098,postgres-cve-2018-10925
GVID-100099,postgres-cve-2018-1115
GVID-100100,postgres-cve-2018-16850
GVID-100101,postgres-cve-2019-10127
GVID-100102,postgres-cve-2019-10128
GVID-100103,postgres-cve-2019-10129
GVID-100104,postgres-cve-2019-10130
GVID-100105,postgres-cve-2019-10164
GVID-100106,postgres-cve-2019-10208
GVID-100107,postgres-cve-2019-10209
GVID-100108,postgres-cve-2019-10210
GVID-100109,postgres-cve-2019-10211
GVID-100110,postgres-date-parser-bof
GVID-100111,postgres-db-content-dos
GVID-100112,postgres-dblink-priv-escal
GVID-100113,postgres-execute-permission-weakness
GVID-100114,postgres-index-func-priv-escal
GVID-100115,postgres-insecure-tempfile
GVID-100116,postgres-load-library-privilege-escalation
GVID-100117,postgres-lpad-rpad-bof
GVID-100118,postgres-multibyte-encoding-sql-injection
GVID-100119,postgres-negative-password-len-dos
GVID-100120,postgres-obsolete-version
GVID-100121,postgres-path-add-bof
GVID-100122,postgres-path-encode-bof
GVID-100123,postgres-plpgsql-param-bof
GVID-100124,postgres-refcursor-bof
GVID-100125,postgres-regex-infinite-loop-dos
GVID-100126,postgres-regex-mem-exhaust-dos
GVID-100127,postgres-regex-oob-mem-read-dos
GVID-100128,postgres-repeat-bof
GVID-100129,postgres-search-path-func
GVID-100130,postgres-set-role-privilege-escalation
GVID-100131,postgres-set-session-authorization-dos
GVID-100132,postgres-set-time-zone-env-variable-bof
GVID-100133,postgres-tsearch2-module-dos
GVID-100134,postgres-type-coercion-dos
GVID-100135,postgres-tz-env-variable-bof
GVID-100136,postgres-unspecified-contrib-intagg-vuln
GVID-100137,postgres-unspecified-rpm-init-script-vuln
GVID-100138,postgres-update-minmax-dos
GVID-100139,postgres-vacuum-command-data-loss
GVID-100140,mysql-alter-table-authenticated-dos
GVID-100141,mysql-alter-table-information-leak
GVID-100142,mysql-alter-table-rename-rights-handling
GVID-100143,mysql-authentication-algorithm-vulnerability
GVID-100144,mysql-authentication-bypass
GVID-100145,mysql-authentication-bypass2
GVID-100146,mysql-binlog-permission-weakness
GVID-100147,mysql-bug-29801-remote-federated-engine-crash
GVID-100148,mysql-bug-29908-alter-view-priv-esc
GVID-100149,mysql-bug-32707-send-error-bof
GVID-100150,mysql-bug-37428-user-defind-function-remote-codex
GVID-100151,mysql-bug-38296-nested-boolean-query-exhaustion-dos
GVID-100152,mysql-bug-44166-multiple-format-string
GVID-100153,mysql-bug-44658-create-procedure-server-crash
GVID-100154,mysql-bug-44798-stored-procedures-server-crash
GVID-100155,mysql-bug-44834-strxnmov-inconsistent-null-terminator
GVID-100156,mysql-bug-45807-sql-mode-only-full-group-by-server-crash
GVID-100157,mysql-bug-report-symlink
GVID-100158,mysql-com-change-user-bof
GVID-100159,mysql-com-change-user-password-bypass
GVID-100160,mysql-com-table-dump-bof
GVID-100161,mysql-com-table-dump-dos
GVID-100162,mysql-com_field_list-command-bof
GVID-100163,mysql-create-database-privilege-escalation
GVID-100164,mysql-create-table-like-no-priv-check
GVID-100165,mysql-creates-readable-log-files
GVID-100166,mysql-datadir-isam-table-privilege-escalation
GVID-100167,mysql-datadir-parameter-bof
GVID-100168,mysql-datadir-table-privilege-escalation
GVID-100169,mysql-directory-traversal-and-arbitrary-table-access
GVID-100170,mysql-directory-traversal-vulnerability
GVID-100171,mysql-dispatch_command-multiple-format-string
GVID-100172,mysql-double-free
GVID-100173,mysql-drop-priv-rename-table
GVID-100174,mysql-empty-bit-string-dos
GVID-100175,mysql-extractvalue-and-updatexml-scalar-xpath-dos
GVID-100176,mysql-federated-engine-show-table-status-dos
GVID-100177,mysql-fulltext-search-dos
GVID-100178,mysql-grant-access-weakness
GVID-100179,mysql-grant-execute-perimission-inheritance
GVID-100180,mysql-grant-global-password-change
GVID-100181,mysql-html-output-script-insertion
GVID-100182,mysql-if-query-dos
GVID-100183,mysql-innodb-dos
GVID-100184,mysql-insecure-tempfile
GVID-100185,mysql-libc-code-exec
GVID-100186,mysql-libmysqlclient-readonerow-bof
GVID-100187,mysql-library-loading-path-traversal
GVID-100188,mysql-local-buffer-overflow
GVID-100189,mysql-login-memory-disclosure
GVID-100190,mysql-merge-table-revoke-bypass
GVID-100191,mysql-merge-union-thread-dos
GVID-100192,mysql-multibyte-encoding-sql-injection
GVID-100193,mysql-myisam-table-privilege-check-bypass
GVID-100194,mysql-mysqld_multi-symlink
GVID-100195,mysql-mysql_uninstall_plugin-unauthenticated-plugin-uninstall
GVID-100196,mysql-my_net_skip_rest-packet-length-dos
GVID-100197,mysql-null-byte-log-bypass
GVID-100198,mysql-obsolete-version
GVID-100199,mysql-preauth-password-packet-dos
GVID-100200,mysql-privs-override-via-views
GVID-100201,mysql-real-connection-bof
GVID-100202,mysql-root-privilege-escalation
GVID-100203,mysql-set-password-bof
GVID-100204,mysql-shared-library-code-exec
GVID-100205,mysql-show-grants-hash-disclosure
GVID-100206,mysql-sql-security-invoker-privs-not-restored
GVID-100207,mysql-system-table-symlink-overwrite
GVID-100208,mysql-temporary-table-symlink
GVID-100209,mysql-unauthorized-user-create-db
GVID-100210,mysql-user-functions-bof
GVID-100211,mysql-user-functions-bof2
GVID-100212,mysql-view-definer-privilege-escalation
GVID-100213,mysql-vio_verify_callback-zero-depth-x-509-certificate
GVID-100214,mysql-weak-password-encryption
GVID-100215,mysql-yassl-certdecodergetname-multiple-bofs
GVID-100216,mysql-yassl-multiple-bof
GVID-100217,mysql-zlib-bof
GVID-100218,oracle-mysql-cve-2001-1453
GVID-100219,oracle-mysql-cve-2003-1331
GVID-100220,oracle-mysql-cve-2004-0457
GVID-100221,oracle-mysql-cve-2005-0004
GVID-100222,oracle-mysql-cve-2005-1636
GVID-100223,oracle-mysql-cve-2005-2558
GVID-100224,oracle-mysql-cve-2005-2573
GVID-100225,oracle-mysql-cve-2006-3469
GVID-100226,oracle-mysql-cve-2006-3486
GVID-100227,oracle-mysql-cve-2006-7232
GVID-100228,oracle-mysql-cve-2008-7247
GVID-100229,oracle-mysql-cve-2009-4019
GVID-100230,oracle-mysql-cve-2009-4030
GVID-100231,oracle-mysql-cve-2009-5026
GVID-100232,oracle-mysql-cve-2010-1626
GVID-100233,oracle-mysql-cve-2010-3676
GVID-100234,oracle-mysql-cve-2010-3677
GVID-100235,oracle-mysql-cve-2010-3678
GVID-100236,oracle-mysql-cve-2010-3679
GVID-100237,oracle-mysql-cve-2010-3680
GVID-100238,oracle-mysql-cve-2010-3681
GVID-100239,oracle-mysql-cve-2010-3682
GVID-100240,oracle-mysql-cve-2010-3683
GVID-100241,oracle-mysql-cve-2010-3833
GVID-100242,oracle-mysql-cve-2010-3834
GVID-100243,oracle-mysql-cve-2010-3835
GVID-100244,oracle-mysql-cve-2010-3836
GVID-100245,oracle-mysql-cve-2010-3837
GVID-100246,oracle-mysql-cve-2010-3838
GVID-100247,oracle-mysql-cve-2010-3839
GVID-100248,oracle-mysql-cve-2010-3840
GVID-100249,oracle-mysql-cve-2011-2262
GVID-100250,oracle-mysql-cve-2011-5049
GVID-100251,oracle-mysql-cve-2012-0075
GVID-100252,oracle-mysql-cve-2012-0087
GVID-100253,oracle-mysql-cve-2012-0101
GVID-100254,oracle-mysql-cve-2012-0102
GVID-100255,oracle-mysql-cve-2012-0112
GVID-100256,oracle-mysql-cve-2012-0113
GVID-100257,oracle-mysql-cve-2012-0114
GVID-100258,oracle-mysql-cve-2012-0115
GVID-100259,oracle-mysql-cve-2012-0116
GVID-100260,oracle-mysql-cve-2012-0117
GVID-100261,oracle-mysql-cve-2012-0118
GVID-100262,oracle-mysql-cve-2012-0119
GVID-100263,oracle-mysql-cve-2012-0120
GVID-100264,oracle-mysql-cve-2012-0484
GVID-100265,oracle-mysql-cve-2012-0485
GVID-100266,oracle-mysql-cve-2012-0486
GVID-100267,oracle-mysql-cve-2012-0487
GVID-100268,oracle-mysql-cve-2012-0488
GVID-100269,oracle-mysql-cve-2012-0489
GVID-100270,oracle-mysql-cve-2012-0490
GVID-100271,oracle-mysql-cve-2012-0491
GVID-100272,oracle-mysql-cve-2012-0492
GVID-100273,oracle-mysql-cve-2012-0493
GVID-100274,oracle-mysql-cve-2012-0494
GVID-100275,oracle-mysql-cve-2012-0495
GVID-100276,oracle-mysql-cve-2012-0496
GVID-100277,oracle-mysql-cve-2012-0540
GVID-100278,oracle-mysql-cve-2012-0553
GVID-100279,oracle-mysql-cve-2012-0572
GVID-100280,oracle-mysql-cve-2012-0574
GVID-100281,oracle-mysql-cve-2012-0578
GVID-100282,oracle-mysql-cve-2012-0583
GVID-100283,oracle-mysql-cve-2012-0882
GVID-100284,oracle-mysql-cve-2012-1688
GVID-100285,oracle-mysql-cve-2012-1689
GVID-100286,oracle-mysql-cve-2012-1690
GVID-100287,oracle-mysql-cve-2012-1696
GVID-100288,oracle-mysql-cve-2012-1697
GVID-100289,oracle-mysql-cve-2012-1702
GVID-100290,oracle-mysql-cve-2012-1703
GVID-100291,oracle-mysql-cve-2012-1705
GVID-100292,oracle-mysql-cve-2012-1734
GVID-100293,oracle-mysql-cve-2012-1735
GVID-100294,oracle-mysql-cve-2012-1756
GVID-100295,oracle-mysql-cve-2012-1757
GVID-100296,oracle-mysql-cve-2012-2102
GVID-100297,oracle-mysql-cve-2012-2122
GVID-100298,oracle-mysql-cve-2012-2749
GVID-100299,oracle-mysql-cve-2012-2750
GVID-100300,oracle-mysql-cve-2012-3144
GVID-100301,oracle-mysql-cve-2012-3147
GVID-100302,oracle-mysql-cve-2012-3149
GVID-100303,oracle-mysql-cve-2012-3150
GVID-100304,oracle-mysql-cve-2012-3156
GVID-100305,oracle-mysql-cve-2012-3158
GVID-100306,oracle-mysql-cve-2012-3160
GVID-100307,oracle-mysql-cve-2012-3163
GVID-100308,oracle-mysql-cve-2012-3166
GVID-100309,oracle-mysql-cve-2012-3167
GVID-100310,oracle-mysql-cve-2012-3173
GVID-100311,oracle-mysql-cve-2012-3177
GVID-100312,oracle-mysql-cve-2012-3180
GVID-100313,oracle-mysql-cve-2012-3197
GVID-100314,oracle-mysql-cve-2012-4414
GVID-100315,oracle-mysql-cve-2012-4452
GVID-100316,oracle-mysql-cve-2012-5060
GVID-100317,oracle-mysql-cve-2012-5096
GVID-100318,oracle-mysql-cve-2012-5611
GVID-100319,oracle-mysql-cve-2012-5612
GVID-100320,oracle-mysql-cve-2012-5614
GVID-100321,oracle-mysql-cve-2012-5615
GVID-100322,oracle-mysql-cve-2012-5627
GVID-100323,oracle-mysql-cve-2013-0367
GVID-100324,oracle-mysql-cve-2013-0368
GVID-100325,oracle-mysql-cve-2013-0371
GVID-100326,oracle-mysql-cve-2013-0375
GVID-100327,oracle-mysql-cve-2013-0383
GVID-100328,oracle-mysql-cve-2013-0384
GVID-100329,oracle-mysql-cve-2013-0385
GVID-100330,oracle-mysql-cve-2013-0386
GVID-100331,oracle-mysql-cve-2013-0389
GVID-100332,oracle-mysql-cve-2013-1492
GVID-100333,oracle-mysql-cve-2013-1502
GVID-100334,oracle-mysql-cve-2013-1506
GVID-100335,oracle-mysql-cve-2013-1511
GVID-100336,oracle-mysql-cve-2013-1512
GVID-100337,oracle-mysql-cve-2013-1521
GVID-100338,oracle-mysql-cve-2013-1523
GVID-100339,oracle-mysql-cve-2013-1526
GVID-100340,oracle-mysql-cve-2013-1531
GVID-100341,oracle-mysql-cve-2013-1532
GVID-100342,oracle-mysql-cve-2013-1544
GVID-100343,oracle-mysql-cve-2013-1548
GVID-100344,oracle-mysql-cve-2013-1552
GVID-100345,oracle-mysql-cve-2013-1555
GVID-100346,oracle-mysql-cve-2013-1566
GVID-100347,oracle-mysql-cve-2013-1567
GVID-100348,oracle-mysql-cve-2013-1570
GVID-100349,oracle-mysql-cve-2013-2375
GVID-100350,oracle-mysql-cve-2013-2376
GVID-100351,oracle-mysql-cve-2013-2378
GVID-100352,oracle-mysql-cve-2013-2381
GVID-100353,oracle-mysql-cve-2013-2389
GVID-100354,oracle-mysql-cve-2013-2391
GVID-100355,oracle-mysql-cve-2013-2392
GVID-100356,oracle-mysql-cve-2013-2395
GVID-100357,oracle-mysql-cve-2013-3783
GVID-100358,oracle-mysql-cve-2013-3793
GVID-100359,oracle-mysql-cve-2013-3794
GVID-100360,oracle-mysql-cve-2013-3795
GVID-100361,oracle-mysql-cve-2013-3796
GVID-100362,oracle-mysql-cve-2013-3798
GVID-100363,oracle-mysql-cve-2013-3801
GVID-100364,oracle-mysql-cve-2013-3802
GVID-100365,oracle-mysql-cve-2013-3804
GVID-100366,oracle-mysql-cve-2013-3805
GVID-100367,oracle-mysql-cve-2013-3806
GVID-100368,oracle-mysql-cve-2013-3807
GVID-100369,oracle-mysql-cve-2013-3808
GVID-100370,oracle-mysql-cve-2013-3809
GVID-100371,oracle-mysql-cve-2013-3810
GVID-100372,oracle-mysql-cve-2013-3811
GVID-100373,oracle-mysql-cve-2013-3812
GVID-100374,oracle-mysql-cve-2013-3839
GVID-100375,oracle-mysql-cve-2013-5767
GVID-100376,oracle-mysql-cve-2013-5770
GVID-100377,oracle-mysql-cve-2013-5786
GVID-100378,oracle-mysql-cve-2013-5793
GVID-100379,oracle-mysql-cve-2013-5807
GVID-100380,oracle-mysql-cve-2013-5860
GVID-100381,oracle-mysql-cve-2013-5881
GVID-100382,oracle-mysql-cve-2013-5882
GVID-100383,oracle-mysql-cve-2013-5891
GVID-100384,oracle-mysql-cve-2013-5894
GVID-100385,oracle-mysql-cve-2013-5908
GVID-100386,oracle-mysql-cve-2014-0001
GVID-100387,oracle-mysql-cve-2014-0384
GVID-100388,oracle-mysql-cve-2014-0386
GVID-100389,oracle-mysql-cve-2014-0393
GVID-100390,oracle-mysql-cve-2014-0401
GVID-100391,oracle-mysql-cve-2014-0402
GVID-100392,oracle-mysql-cve-2014-0412
GVID-100393,oracle-mysql-cve-2014-0420
GVID-100394,oracle-mysql-cve-2014-0427
GVID-100395,oracle-mysql-cve-2014-0430
GVID-100396,oracle-mysql-cve-2014-0431
GVID-100397,oracle-mysql-cve-2014-0433
GVID-100398,oracle-mysql-cve-2014-0437
GVID-100399,oracle-mysql-cve-2014-2419
GVID-100400,oracle-mysql-cve-2014-2430
GVID-100401,oracle-mysql-cve-2014-2431
GVID-100402,oracle-mysql-cve-2014-2432
GVID-100403,oracle-mysql-cve-2014-2434
GVID-100404,oracle-mysql-cve-2014-2435
GVID-100405,oracle-mysql-cve-2014-2436
GVID-100406,oracle-mysql-cve-2014-2438
GVID-100407,oracle-mysql-cve-2014-2440
GVID-100408,oracle-mysql-cve-2014-2442
GVID-100409,oracle-mysql-cve-2014-2444
GVID-100410,oracle-mysql-cve-2014-2450
GVID-100411,oracle-mysql-cve-2014-2451
GVID-100412,oracle-mysql-cve-2014-2484
GVID-100413,oracle-mysql-cve-2014-2494
GVID-100414,oracle-mysql-cve-2014-4207
GVID-100415,oracle-mysql-cve-2014-4214
GVID-100416,oracle-mysql-cve-2014-4233
GVID-100417,oracle-mysql-cve-2014-4238
GVID-100418,oracle-mysql-cve-2014-4240
GVID-100419,oracle-mysql-cve-2014-4243
GVID-100420,oracle-mysql-cve-2014-4258
GVID-100421,oracle-mysql-cve-2014-4260
GVID-100422,oracle-mysql-cve-2014-4274
GVID-100423,oracle-mysql-cve-2014-4287
GVID-100424,oracle-mysql-cve-2014-6463
GVID-100425,oracle-mysql-cve-2014-6464
GVID-100426,oracle-mysql-cve-2014-6469
GVID-100427,oracle-mysql-cve-2014-6474
GVID-100428,oracle-mysql-cve-2014-6478
GVID-100429,oracle-mysql-cve-2014-6484
GVID-100430,oracle-mysql-cve-2014-6489
GVID-100431,oracle-mysql-cve-2014-6491
GVID-100432,oracle-mysql-cve-2014-6494
GVID-100433,oracle-mysql-cve-2014-6495
GVID-100434,oracle-mysql-cve-2014-6496
GVID-100435,oracle-mysql-cve-2014-6500
GVID-100436,oracle-mysql-cve-2014-6505
GVID-100437,oracle-mysql-cve-2014-6507
GVID-100438,oracle-mysql-cve-2014-6520
GVID-100439,oracle-mysql-cve-2014-6530
GVID-100440,oracle-mysql-cve-2014-6551
GVID-100441,oracle-mysql-cve-2014-6555
GVID-100442,oracle-mysql-cve-2014-6559
GVID-100443,oracle-mysql-cve-2014-6564
GVID-100444,oracle-mysql-cve-2014-6568
GVID-100445,oracle-mysql-cve-2015-0374
GVID-100446,oracle-mysql-cve-2015-0381
GVID-100447,oracle-mysql-cve-2015-0382
GVID-100448,oracle-mysql-cve-2015-0385
GVID-100449,oracle-mysql-cve-2015-0391
GVID-100450,oracle-mysql-cve-2015-0405
GVID-100451,oracle-mysql-cve-2015-0409
GVID-100452,oracle-mysql-cve-2015-0411
GVID-100453,oracle-mysql-cve-2015-0423
GVID-100454,oracle-mysql-cve-2015-0432
GVID-100455,oracle-mysql-cve-2015-0433
GVID-100456,oracle-mysql-cve-2015-0438
GVID-100457,oracle-mysql-cve-2015-0439
GVID-100458,oracle-mysql-cve-2015-0441
GVID-100459,oracle-mysql-cve-2015-0498
GVID-100460,oracle-mysql-cve-2015-0499
GVID-100461,oracle-mysql-cve-2015-0500
GVID-100462,oracle-mysql-cve-2015-0501
GVID-100463,oracle-mysql-cve-2015-0503
GVID-100464,oracle-mysql-cve-2015-0505
GVID-100465,oracle-mysql-cve-2015-0506
GVID-100466,oracle-mysql-cve-2015-0507
GVID-100467,oracle-mysql-cve-2015-0508
GVID-100468,oracle-mysql-cve-2015-0511
GVID-100469,oracle-mysql-cve-2015-2566
GVID-100470,oracle-mysql-cve-2015-2567
GVID-100471,oracle-mysql-cve-2015-2568
GVID-100472,oracle-mysql-cve-2015-2571
GVID-100473,oracle-mysql-cve-2015-2573
GVID-100474,oracle-mysql-cve-2015-2575
GVID-100475,oracle-mysql-cve-2015-2576
GVID-100476,oracle-mysql-cve-2015-2582
GVID-100477,oracle-mysql-cve-2015-2611
GVID-100478,oracle-mysql-cve-2015-2617
GVID-100479,oracle-mysql-cve-2015-2620
GVID-100480,oracle-mysql-cve-2015-2639
GVID-100481,oracle-mysql-cve-2015-2641
GVID-100482,oracle-mysql-cve-2015-2643
GVID-100483,oracle-mysql-cve-2015-2648
GVID-100484,oracle-mysql-cve-2015-2661
GVID-100485,oracle-mysql-cve-2015-3152
GVID-100486,oracle-mysql-cve-2015-3194
GVID-100487,oracle-mysql-cve-2015-4730
GVID-100488,oracle-mysql-cve-2015-4737
GVID-100489,oracle-mysql-cve-2015-4752
GVID-100490,oracle-mysql-cve-2015-4756
GVID-100491,oracle-mysql-cve-2015-4757
GVID-100492,oracle-mysql-cve-2015-4761
GVID-100493,oracle-mysql-cve-2015-4766
GVID-100494,oracle-mysql-cve-2015-4767
GVID-100495,oracle-mysql-cve-2015-4769
GVID-100496,oracle-mysql-cve-2015-4771
GVID-100497,oracle-mysql-cve-2015-4772
GVID-100498,oracle-mysql-cve-2015-4791
GVID-100499,oracle-mysql-cve-2015-4792
GVID-100500,oracle-mysql-cve-2015-4800
GVID-100501,oracle-mysql-cve-2015-4802
GVID-100502,oracle-mysql-cve-2015-4807
GVID-100503,oracle-mysql-cve-2015-4815
GVID-100504,oracle-mysql-cve-2015-4816
GVID-100505,oracle-mysql-cve-2015-4819
GVID-100506,oracle-mysql-cve-2015-4826
GVID-100507,oracle-mysql-cve-2015-4830
GVID-100508,oracle-mysql-cve-2015-4833
GVID-100509,oracle-mysql-cve-2015-4836
GVID-100510,oracle-mysql-cve-2015-4858
GVID-100511,oracle-mysql-cve-2015-4861
GVID-100512,oracle-mysql-cve-2015-4862
GVID-100513,oracle-mysql-cve-2015-4864
GVID-100514,oracle-mysql-cve-2015-4866
GVID-100515,oracle-mysql-cve-2015-4870
GVID-100516,oracle-mysql-cve-2015-4879
GVID-100517,oracle-mysql-cve-2015-4890
GVID-100518,oracle-mysql-cve-2015-4895
GVID-100519,oracle-mysql-cve-2015-4904
GVID-100520,oracle-mysql-cve-2015-4905
GVID-100521,oracle-mysql-cve-2015-4910
GVID-100522,oracle-mysql-cve-2015-4913
GVID-100523,oracle-mysql-cve-2016-0502
GVID-100524,oracle-mysql-cve-2016-0503
GVID-100525,oracle-mysql-cve-2016-0504
GVID-100526,oracle-mysql-cve-2016-0505
GVID-100527,oracle-mysql-cve-2016-0546
GVID-100528,oracle-mysql-cve-2016-0594
GVID-100529,oracle-mysql-cve-2016-0595
GVID-100530,oracle-mysql-cve-2016-0596
GVID-100531,oracle-mysql-cve-2016-0597
GVID-100532,oracle-mysql-cve-2016-0598
GVID-100533,oracle-mysql-cve-2016-0599
GVID-100534,oracle-mysql-cve-2016-0600
GVID-100535,oracle-mysql-cve-2016-0601
GVID-100536,oracle-mysql-cve-2016-0605
GVID-100537,oracle-mysql-cve-2016-0606
GVID-100538,oracle-mysql-cve-2016-0607
GVID-100539,oracle-mysql-cve-2016-0608
GVID-100540,oracle-mysql-cve-2016-0609
GVID-100541,oracle-mysql-cve-2016-0610
GVID-100542,oracle-mysql-cve-2016-0611
GVID-100543,oracle-mysql-cve-2016-0616
GVID-100544,oracle-mysql-cve-2016-0639
GVID-100545,oracle-mysql-cve-2016-0640
GVID-100546,oracle-mysql-cve-2016-0641
GVID-100547,oracle-mysql-cve-2016-0642
GVID-100548,oracle-mysql-cve-2016-0643
GVID-100549,oracle-mysql-cve-2016-0644
GVID-100550,oracle-mysql-cve-2016-0646
GVID-100551,oracle-mysql-cve-2016-0647
GVID-100552,oracle-mysql-cve-2016-0648
GVID-100553,oracle-mysql-cve-2016-0649
GVID-100554,oracle-mysql-cve-2016-0650
GVID-100555,oracle-mysql-cve-2016-0651
GVID-100556,oracle-mysql-cve-2016-0652
GVID-100557,oracle-mysql-cve-2016-0653
GVID-100558,oracle-mysql-cve-2016-0654
GVID-100559,oracle-mysql-cve-2016-0655
GVID-100560,oracle-mysql-cve-2016-0656
GVID-100561,oracle-mysql-cve-2016-0657
GVID-100562,oracle-mysql-cve-2016-0658
GVID-100563,oracle-mysql-cve-2016-0659
GVID-100564,oracle-mysql-cve-2016-0661
GVID-100565,oracle-mysql-cve-2016-0662
GVID-100566,oracle-mysql-cve-2016-0663
GVID-100567,oracle-mysql-cve-2016-0665
GVID-100568,oracle-mysql-cve-2016-0666
GVID-100569,oracle-mysql-cve-2016-0667
GVID-100570,oracle-mysql-cve-2016-0668
GVID-100571,oracle-mysql-cve-2016-0705
GVID-100572,oracle-mysql-cve-2016-2047
GVID-100573,oracle-mysql-cve-2016-2105
GVID-100574,oracle-mysql-cve-2016-3424
GVID-100575,oracle-mysql-cve-2016-3440
GVID-100576,oracle-mysql-cve-2016-3452
GVID-100577,oracle-mysql-cve-2016-3459
GVID-100578,oracle-mysql-cve-2016-3471
GVID-100579,oracle-mysql-cve-2016-3477
GVID-100580,oracle-mysql-cve-2016-3486
GVID-100581,oracle-mysql-cve-2016-3492
GVID-100582,oracle-mysql-cve-2016-3495
GVID-100583,oracle-mysql-cve-2016-3501
GVID-100584,oracle-mysql-cve-2016-3518
GVID-100585,oracle-mysql-cve-2016-3521
GVID-100586,oracle-mysql-cve-2016-3588
GVID-100587,oracle-mysql-cve-2016-3614
GVID-100588,oracle-mysql-cve-2016-3615
GVID-100589,oracle-mysql-cve-2016-5436
GVID-100590,oracle-mysql-cve-2016-5437
GVID-100591,oracle-mysql-cve-2016-5439
GVID-100592,oracle-mysql-cve-2016-5440
GVID-100593,oracle-mysql-cve-2016-5441
GVID-100594,oracle-mysql-cve-2016-5442
GVID-100595,oracle-mysql-cve-2016-5443
GVID-100596,oracle-mysql-cve-2016-5444
GVID-100597,oracle-mysql-cve-2016-5507
GVID-100598,oracle-mysql-cve-2016-5584
GVID-100599,oracle-mysql-cve-2016-5609
GVID-100600,oracle-mysql-cve-2016-5612
GVID-100601,oracle-mysql-cve-2016-5624
GVID-100602,oracle-mysql-cve-2016-5625
GVID-100603,oracle-mysql-cve-2016-5626
GVID-100604,oracle-mysql-cve-2016-5627
GVID-100605,oracle-mysql-cve-2016-5628
GVID-100606,oracle-mysql-cve-2016-5629
GVID-100607,oracle-mysql-cve-2016-5630
GVID-100608,oracle-mysql-cve-2016-5631
GVID-100609,oracle-mysql-cve-2016-5632
GVID-100610,oracle-mysql-cve-2016-5633
GVID-100611,oracle-mysql-cve-2016-5634
GVID-100612,oracle-mysql-cve-2016-5635
GVID-100613,oracle-mysql-cve-2016-6662
GVID-100614,oracle-mysql-cve-2016-6663
GVID-100615,oracle-mysql-cve-2016-6664
GVID-100616,oracle-mysql-cve-2016-7440
GVID-100617,oracle-mysql-cve-2016-8283
GVID-100618,oracle-mysql-cve-2016-8284
GVID-100619,oracle-mysql-cve-2016-8286
GVID-100620,oracle-mysql-cve-2016-8287
GVID-100621,oracle-mysql-cve-2016-8288
GVID-100622,oracle-mysql-cve-2016-8289
GVID-100623,oracle-mysql-cve-2016-8290
GVID-100624,oracle-mysql-cve-2016-8318
GVID-100625,oracle-mysql-cve-2016-8327
GVID-100626,oracle-mysql-cve-2017-10155
GVID-100627,oracle-mysql-cve-2017-10165
GVID-100628,oracle-mysql-cve-2017-10167
GVID-100629,oracle-mysql-cve-2017-10227
GVID-100630,oracle-mysql-cve-2017-10268
GVID-100631,oracle-mysql-cve-2017-10276
GVID-100632,oracle-mysql-cve-2017-10279
GVID-100633,oracle-mysql-cve-2017-10283
GVID-100634,oracle-mysql-cve-2017-10284
GVID-100635,oracle-mysql-cve-2017-10286
GVID-100636,oracle-mysql-cve-2017-10294
GVID-100637,oracle-mysql-cve-2017-10296
GVID-100638,oracle-mysql-cve-2017-10311
GVID-100639,oracle-mysql-cve-2017-10313
GVID-100640,oracle-mysql-cve-2017-10314
GVID-100641,oracle-mysql-cve-2017-10320
GVID-100642,oracle-mysql-cve-2017-10365
GVID-100643,oracle-mysql-cve-2017-10378
GVID-100644,oracle-mysql-cve-2017-10379
GVID-100645,oracle-mysql-cve-2017-10384
GVID-100646,oracle-mysql-cve-2017-3238
GVID-100647,oracle-mysql-cve-2017-3243
GVID-100648,oracle-mysql-cve-2017-3244
GVID-100649,oracle-mysql-cve-2017-3251
GVID-100650,oracle-mysql-cve-2017-3256
GVID-100651,oracle-mysql-cve-2017-3257
GVID-100652,oracle-mysql-cve-2017-3258
GVID-100653,oracle-mysql-cve-2017-3265
GVID-100654,oracle-mysql-cve-2017-3273
GVID-100655,oracle-mysql-cve-2017-3291
GVID-100656,oracle-mysql-cve-2017-3302
GVID-100657,oracle-mysql-cve-2017-3305
GVID-100658,oracle-mysql-cve-2017-3308
GVID-100659,oracle-mysql-cve-2017-3309
GVID-100660,oracle-mysql-cve-2017-3312
GVID-100661,oracle-mysql-cve-2017-3313
GVID-100662,oracle-mysql-cve-2017-3317
GVID-100663,oracle-mysql-cve-2017-3318
GVID-100664,oracle-mysql-cve-2017-3319
GVID-100665,oracle-mysql-cve-2017-3320
GVID-100666,oracle-mysql-cve-2017-3329
GVID-100667,oracle-mysql-cve-2017-3331
GVID-100668,oracle-mysql-cve-2017-3450
GVID-100669,oracle-mysql-cve-2017-3452
GVID-100670,oracle-mysql-cve-2017-3453
GVID-100671,oracle-mysql-cve-2017-3454
GVID-100672,oracle-mysql-cve-2017-3455
GVID-100673,oracle-mysql-cve-2017-3456
GVID-100674,oracle-mysql-cve-2017-3457
GVID-100675,oracle-mysql-cve-2017-3458
GVID-100676,oracle-mysql-cve-2017-3459
GVID-100677,oracle-mysql-cve-2017-3460
GVID-100678,oracle-mysql-cve-2017-3461
GVID-100679,oracle-mysql-cve-2017-3462
GVID-100680,oracle-mysql-cve-2017-3463
GVID-100681,oracle-mysql-cve-2017-3464
GVID-100682,oracle-mysql-cve-2017-3465
GVID-100683,oracle-mysql-cve-2017-3467
GVID-100684,oracle-mysql-cve-2017-3468
GVID-100685,oracle-mysql-cve-2017-3529
GVID-100686,oracle-mysql-cve-2017-3599
GVID-100687,oracle-mysql-cve-2017-3600
GVID-100688,oracle-mysql-cve-2017-3633
GVID-100689,oracle-mysql-cve-2017-3634
GVID-100690,oracle-mysql-cve-2017-3635
GVID-100691,oracle-mysql-cve-2017-3636
GVID-100692,oracle-mysql-cve-2017-3637
GVID-100693,oracle-mysql-cve-2017-3638
GVID-100694,oracle-mysql-cve-2017-3639
GVID-100695,oracle-mysql-cve-2017-3640
GVID-100696,oracle-mysql-cve-2017-3641
GVID-100697,oracle-mysql-cve-2017-3642
GVID-100698,oracle-mysql-cve-2017-3643
GVID-100699,oracle-mysql-cve-2017-3644
GVID-100700,oracle-mysql-cve-2017-3645
GVID-100701,oracle-mysql-cve-2017-3646
GVID-100702,oracle-mysql-cve-2017-3647
GVID-100703,oracle-mysql-cve-2017-3648
GVID-100704,oracle-mysql-cve-2017-3649
GVID-100705,oracle-mysql-cve-2017-3650
GVID-100706,oracle-mysql-cve-2017-3651
GVID-100707,oracle-mysql-cve-2017-3652
GVID-100708,oracle-mysql-cve-2017-3653
GVID-100709,oracle-mysql-cve-2018-2562
GVID-100710,oracle-mysql-cve-2018-2565
GVID-100711,oracle-mysql-cve-2018-2573
GVID-100712,oracle-mysql-cve-2018-2576
GVID-100713,oracle-mysql-cve-2018-2583
GVID-100714,oracle-mysql-cve-2018-2586
GVID-100715,oracle-mysql-cve-2018-2590
GVID-100716,oracle-mysql-cve-2018-2591
GVID-100717,oracle-mysql-cve-2018-2600
GVID-100718,oracle-mysql-cve-2018-2612
GVID-100719,oracle-mysql-cve-2018-2622
GVID-100720,oracle-mysql-cve-2018-2640
GVID-100721,oracle-mysql-cve-2018-2645
GVID-100722,oracle-mysql-cve-2018-2646
GVID-100723,oracle-mysql-cve-2018-2647
GVID-100724,oracle-mysql-cve-2018-2665
GVID-100725,oracle-mysql-cve-2018-2667
GVID-100726,oracle-mysql-cve-2018-2668
GVID-100727,oracle-mysql-cve-2018-2696
GVID-100728,oracle-mysql-cve-2018-2703
GVID-100729,oracle-mysql-cve-2018-2755
GVID-100730,oracle-mysql-cve-2018-2758
GVID-100731,oracle-mysql-cve-2018-2759
GVID-100732,oracle-mysql-cve-2018-2761
GVID-100733,oracle-mysql-cve-2018-2762
GVID-100734,oracle-mysql-cve-2018-2766
GVID-100735,oracle-mysql-cve-2018-2767
GVID-100736,oracle-mysql-cve-2018-2769
GVID-100737,oracle-mysql-cve-2018-2771
GVID-100738,oracle-mysql-cve-2018-2773
GVID-100739,oracle-mysql-cve-2018-2775
GVID-100740,oracle-mysql-cve-2018-2776
GVID-100741,oracle-mysql-cve-2018-2777
GVID-100742,oracle-mysql-cve-2018-2778
GVID-100743,oracle-mysql-cve-2018-2779
GVID-100744,oracle-mysql-cve-2018-2780
GVID-100745,oracle-mysql-cve-2018-2781
GVID-100746,oracle-mysql-cve-2018-2782
GVID-100747,oracle-mysql-cve-2018-2784
GVID-100748,oracle-mysql-cve-2018-2786
GVID-100749,oracle-mysql-cve-2018-2787
GVID-100750,oracle-mysql-cve-2018-2805
GVID-100751,oracle-mysql-cve-2018-2810
GVID-100752,oracle-mysql-cve-2018-2812
GVID-100753,oracle-mysql-cve-2018-2813
GVID-100754,oracle-mysql-cve-2018-2816
GVID-100755,oracle-mysql-cve-2018-2817
GVID-100756,oracle-mysql-cve-2018-2818
GVID-100757,oracle-mysql-cve-2018-2819
GVID-100758,oracle-mysql-cve-2018-2839
GVID-100759,oracle-mysql-cve-2018-2846
GVID-100760,oracle-mysql-cve-2018-3054
GVID-100761,oracle-mysql-cve-2018-3056
GVID-100762,oracle-mysql-cve-2018-3058
GVID-100763,oracle-mysql-cve-2018-3060
GVID-100764,oracle-mysql-cve-2018-3061
GVID-100765,oracle-mysql-cve-2018-3062
GVID-100766,oracle-mysql-cve-2018-3063
GVID-100767,oracle-mysql-cve-2018-3064
GVID-100768,oracle-mysql-cve-2018-3065
GVID-100769,oracle-mysql-cve-2018-3066
GVID-100770,oracle-mysql-cve-2018-3067
GVID-100771,oracle-mysql-cve-2018-3070
GVID-100772,oracle-mysql-cve-2018-3071
GVID-100773,oracle-mysql-cve-2018-3073
GVID-100774,oracle-mysql-cve-2018-3074
GVID-100775,oracle-mysql-cve-2018-3075
GVID-100776,oracle-mysql-cve-2018-3077
GVID-100777,oracle-mysql-cve-2018-3078
GVID-100778,oracle-mysql-cve-2018-3079
GVID-100779,oracle-mysql-cve-2018-3080
GVID-100780,oracle-mysql-cve-2018-3081
GVID-100781,oracle-mysql-cve-2018-3082
GVID-100782,oracle-mysql-cve-2018-3084
GVID-100783,oracle-mysql-cve-2018-3123
GVID-100784,oracle-mysql-cve-2018-3133
GVID-100785,oracle-mysql-cve-2018-3137
GVID-100786,oracle-mysql-cve-2018-3143
GVID-100787,oracle-mysql-cve-2018-3144
GVID-100788,oracle-mysql-cve-2018-3145
GVID-100789,oracle-mysql-cve-2018-3155
GVID-100790,oracle-mysql-cve-2018-3156
GVID-100791,oracle-mysql-cve-2018-3161
GVID-100792,oracle-mysql-cve-2018-3162
GVID-100793,oracle-mysql-cve-2018-3170
GVID-100794,oracle-mysql-cve-2018-3171
GVID-100795,oracle-mysql-cve-2018-3173
GVID-100796,oracle-mysql-cve-2018-3174
GVID-100797,oracle-mysql-cve-2018-3182
GVID-100798,oracle-mysql-cve-2018-3185
GVID-100799,oracle-mysql-cve-2018-3186
GVID-100800,oracle-mysql-cve-2018-3187
GVID-100801,oracle-mysql-cve-2018-3195
GVID-100802,oracle-mysql-cve-2018-3200
GVID-100803,oracle-mysql-cve-2018-3203
GVID-100804,oracle-mysql-cve-2018-3212
GVID-100805,oracle-mysql-cve-2018-3247
GVID-100806,oracle-mysql-cve-2018-3251
GVID-100807,oracle-mysql-cve-2018-3276
GVID-100808,oracle-mysql-cve-2018-3277
GVID-100809,oracle-mysql-cve-2018-3278
GVID-100810,oracle-mysql-cve-2018-3279
GVID-100811,oracle-mysql-cve-2018-3280
GVID-100812,oracle-mysql-cve-2018-3282
GVID-100813,oracle-mysql-cve-2018-3283
GVID-100814,oracle-mysql-cve-2018-3284
GVID-100815,oracle-mysql-cve-2018-3285
GVID-100816,oracle-mysql-cve-2018-3286
GVID-100817,oracle-mysql-cve-2019-2420
GVID-100818,oracle-mysql-cve-2019-2434
GVID-100819,oracle-mysql-cve-2019-2436
GVID-100820,oracle-mysql-cve-2019-2455
GVID-100821,oracle-mysql-cve-2019-2481
GVID-100822,oracle-mysql-cve-2019-2482
GVID-100823,oracle-mysql-cve-2019-2486
GVID-100824,oracle-mysql-cve-2019-2494
GVID-100825,oracle-mysql-cve-2019-2495
GVID-100826,oracle-mysql-cve-2019-2502
GVID-100827,oracle-mysql-cve-2019-2503
GVID-100828,oracle-mysql-cve-2019-2507
GVID-100829,oracle-mysql-cve-2019-2510
GVID-100830,oracle-mysql-cve-2019-2513
GVID-100831,oracle-mysql-cve-2019-2528
GVID-100832,oracle-mysql-cve-2019-2529
GVID-100833,oracle-mysql-cve-2019-2530
GVID-100834,oracle-mysql-cve-2019-2531
GVID-100835,oracle-mysql-cve-2019-2532
GVID-100836,oracle-mysql-cve-2019-2533
GVID-100837,oracle-mysql-cve-2019-2534
GVID-100838,oracle-mysql-cve-2019-2535
GVID-100839,oracle-mysql-cve-2019-2536
GVID-100840,oracle-mysql-cve-2019-2537
GVID-100841,oracle-mysql-cve-2019-2539
GVID-100842,oracle-mysql-cve-2019-2566
GVID-100843,oracle-mysql-cve-2019-2580
GVID-100844,oracle-mysql-cve-2019-2581
GVID-100845,oracle-mysql-cve-2019-2584
GVID-100846,oracle-mysql-cve-2019-2585
GVID-100847,oracle-mysql-cve-2019-2587
GVID-100848,oracle-mysql-cve-2019-2589
GVID-100849,oracle-mysql-cve-2019-2592
GVID-100850,oracle-mysql-cve-2019-2593
GVID-100851,oracle-mysql-cve-2019-2596
GVID-100852,oracle-mysql-cve-2019-2606
GVID-100853,oracle-mysql-cve-2019-2607
GVID-100854,oracle-mysql-cve-2019-2614
GVID-100855,oracle-mysql-cve-2019-2617
GVID-100856,oracle-mysql-cve-2019-2620
GVID-100857,oracle-mysql-cve-2019-2623
GVID-100858,oracle-mysql-cve-2019-2624
GVID-100859,oracle-mysql-cve-2019-2625
GVID-100860,oracle-mysql-cve-2019-2626
GVID-100861,oracle-mysql-cve-2019-2627
GVID-100862,oracle-mysql-cve-2019-2628
GVID-100863,oracle-mysql-cve-2019-2630
GVID-100864,oracle-mysql-cve-2019-2631
GVID-100865,oracle-mysql-cve-2019-2632
GVID-100866,oracle-mysql-cve-2019-2634
GVID-100867,oracle-mysql-cve-2019-2635
GVID-100868,oracle-mysql-cve-2019-2636
GVID-100869,oracle-mysql-cve-2019-2644
GVID-100870,oracle-mysql-cve-2019-2681
GVID-100871,oracle-mysql-cve-2019-2683
GVID-100872,oracle-mysql-cve-2019-2685
GVID-100873,oracle-mysql-cve-2019-2686
GVID-100874,oracle-mysql-cve-2019-2687
GVID-100875,oracle-mysql-cve-2019-2688
GVID-100876,oracle-mysql-cve-2019-2689
GVID-100877,oracle-mysql-cve-2019-2691
GVID-100878,oracle-mysql-cve-2019-2693
GVID-100879,oracle-mysql-cve-2019-2694
GVID-100880,oracle-mysql-cve-2019-2695
GVID-100881,oracle-mysql-cve-2019-2730
GVID-100882,oracle-mysql-cve-2019-2731
GVID-100883,oracle-mysql-cve-2019-2737
GVID-100884,oracle-mysql-cve-2019-2738
GVID-100885,oracle-mysql-cve-2019-2739
GVID-100886,oracle-mysql-cve-2019-2740
GVID-100887,oracle-mysql-cve-2019-2741
GVID-100888,oracle-mysql-cve-2019-2743
GVID-100889,oracle-mysql-cve-2019-2746
GVID-100890,oracle-mysql-cve-2019-2747
GVID-100891,oracle-mysql-cve-2019-2752
GVID-100892,oracle-mysql-cve-2019-2755
GVID-100893,oracle-mysql-cve-2019-2757
GVID-100894,oracle-mysql-cve-2019-2758
GVID-100895,oracle-mysql-cve-2019-2774
GVID-100896,oracle-mysql-cve-2019-2778
GVID-100897,oracle-mysql-cve-2019-2780
GVID-100898,oracle-mysql-cve-2019-2784
GVID-100899,oracle-mysql-cve-2019-2785
GVID-100900,oracle-mysql-cve-2019-2789
GVID-100901,oracle-mysql-cve-2019-2791
GVID-100902,oracle-mysql-cve-2019-2795
GVID-100903,oracle-mysql-cve-2019-2796
GVID-100904,oracle-mysql-cve-2019-2797
GVID-100905,oracle-mysql-cve-2019-2798
GVID-100906,oracle-mysql-cve-2019-2800
GVID-100907,oracle-mysql-cve-2019-2801
GVID-100908,oracle-mysql-cve-2019-2802
GVID-100909,oracle-mysql-cve-2019-2803
GVID-100910,oracle-mysql-cve-2019-2805
GVID-100911,oracle-mysql-cve-2019-2808
GVID-100912,oracle-mysql-cve-2019-2810
GVID-100913,oracle-mysql-cve-2019-2811
GVID-100914,oracle-mysql-cve-2019-2812
GVID-100915,oracle-mysql-cve-2019-2814
GVID-100916,oracle-mysql-cve-2019-2815
GVID-100917,oracle-mysql-cve-2019-2819
GVID-100918,oracle-mysql-cve-2019-2822
GVID-100919,oracle-mysql-cve-2019-2826
GVID-100920,oracle-mysql-cve-2019-2830
GVID-100921,oracle-mysql-cve-2019-2834
GVID-100922,oracle-mysql-cve-2019-2879
GVID-100923,openbsd-openssh-cve-1999-1010
GVID-100924,openbsd-openssh-cve-2000-0143
GVID-100925,openbsd-openssh-cve-2000-0217
GVID-100926,openbsd-openssh-cve-2000-0992
GVID-100927,openbsd-openssh-cve-2000-0999
GVID-100928,openbsd-openssh-cve-2000-1169
GVID-100929,openbsd-openssh-cve-2001-0144
GVID-100930,openbsd-openssh-cve-2001-0361
GVID-100931,openbsd-openssh-cve-2001-0529
GVID-100932,openbsd-openssh-cve-2001-0572
GVID-100933,openbsd-openssh-cve-2001-0816
GVID-100934,openbsd-openssh-cve-2001-1029
GVID-100935,openbsd-openssh-cve-2001-1380
GVID-100936,openbsd-openssh-cve-2001-1382
GVID-100937,openbsd-openssh-cve-2001-1585
GVID-100938,openbsd-openssh-cve-2003-0682
GVID-100939,openbsd-openssh-cve-2003-0695
GVID-100940,openbsd-openssh-cve-2003-0786
GVID-100941,openbsd-openssh-cve-2003-0787
GVID-100942,openbsd-openssh-cve-2003-1562
GVID-100943,openbsd-openssh-cve-2004-1653
GVID-100944,openbsd-openssh-cve-2004-2069
GVID-100945,openbsd-openssh-cve-2004-2760
GVID-100946,openbsd-openssh-cve-2006-0883
GVID-100947,openbsd-openssh-cve-2006-4925
GVID-100948,openbsd-openssh-cve-2006-5229
GVID-100949,openbsd-openssh-cve-2006-5794
GVID-100950,openbsd-openssh-cve-2007-3102
GVID-100951,openbsd-openssh-cve-2007-4654
GVID-100952,openbsd-openssh-cve-2008-1657
GVID-100953,openbsd-openssh-cve-2010-4478
GVID-100954,openbsd-openssh-cve-2010-4755
GVID-100955,openbsd-openssh-cve-2010-5107
GVID-100956,openbsd-openssh-cve-2011-0539
GVID-100957,openbsd-openssh-cve-2011-4327
GVID-100958,openbsd-openssh-cve-2011-5000
GVID-100959,openbsd-openssh-cve-2012-0814
GVID-100960,openbsd-openssh-cve-2013-4548
GVID-100961,openbsd-openssh-cve-2014-1692
GVID-100962,openbsd-openssh-cve-2014-2532
GVID-100963,openbsd-openssh-cve-2014-2653
GVID-100964,openbsd-openssh-cve-2015-5352
GVID-100965,openbsd-openssh-cve-2015-5600
GVID-100966,openbsd-openssh-cve-2015-6563
GVID-100967,openbsd-openssh-cve-2015-6564
GVID-100968,openbsd-openssh-cve-2015-6565
GVID-100969,openbsd-openssh-cve-2015-8325
GVID-100970,openbsd-openssh-cve-2016-0777
GVID-100971,openbsd-openssh-cve-2016-0778
GVID-100972,openbsd-openssh-cve-2016-10009
GVID-100973,openbsd-openssh-cve-2016-10010
GVID-100974,openbsd-openssh-cve-2016-10011
GVID-100975,openbsd-openssh-cve-2016-10012
GVID-100976,openbsd-openssh-cve-2016-10708
GVID-100977,openbsd-openssh-cve-2016-1907
GVID-100978,openbsd-openssh-cve-2016-1908
GVID-100979,openbsd-openssh-cve-2016-3115
GVID-100980,openbsd-openssh-cve-2016-6210
GVID-100981,openbsd-openssh-cve-2016-6515
GVID-100982,openbsd-openssh-cve-2016-8858
GVID-100983,openbsd-openssh-cve-2017-15906
GVID-100984,openbsd-openssh-cve-2018-15473
GVID-100985,openbsd-openssh-cve-2018-15919
GVID-100986,openbsd-openssh-cve-2018-20685
GVID-100987,openbsd-openssh-cve-2019-6109
GVID-100988,openbsd-openssh-cve-2019-6110
GVID-100989,openbsd-openssh-cve-2019-6111
GVID-100990,SSH-OPENSSH-0001
GVID-100991,SSH-OPENSSH-0002
GVID-100992,SSH-OPENSSH-0003
GVID-100993,SSH-OPENSSH-0005
GVID-100994,SSH-OPENSSH-0007
GVID-100995,SSH-OPENSSH-0008
GVID-100996,SSH-OPENSSH-0009
GVID-100997,ssh-openssh-buffer-heap-overflow
GVID-100998,ssh-openssh-challenge-response-username-reveal
GVID-100999,ssh-openssh-debian-selinux-privilege-escalation
GVID-101000,ssh-openssh-dynamic-forward-vuln
GVID-101001,ssh-openssh-gssapi-abort-username-enumeration
GVID-101002,ssh-openssh-gssapi-credentials-leak
GVID-101003,ssh-openssh-gssapi-signalrace-double-free
GVID-101004,ssh-openssh-known_hosts-file-info-leak
GVID-101005,ssh-openssh-pam-multiple-vulns
GVID-101006,ssh-openssh-pam-username-info-leak
GVID-101007,ssh-openssh-reverse-dns-access-control-bypass
GVID-101008,ssh-openssh-scp-arbitrary-file-overwrite
GVID-101009,ssh-openssh-signal-handler-dos
GVID-101010,ssh-openssh-sshv1-duplicate-block-dos
GVID-101011,ssh-openssh-valid-username-info-leak
GVID-101012,ssh-scp-arbitrary-command-execution
GVID-101013,php-5-2-0-memory-manager-signed-comparision-vulnerability
GVID-101014,php-5-sqlite-udf-decode-binary-buffer-overflow-vulnerability
GVID-101015,php-buffer-overflow-in-gdimagestringftex
GVID-101016,php-crash-inside-gd-with-invalid-fonts
GVID-101017,php-crash-with-uri-file-php
GVID-101018,php-cve-1999-0058
GVID-101019,php-cve-1999-0068
GVID-101020,php-cve-1999-0238
GVID-101021,php-cve-2000-0059
GVID-101022,php-cve-2000-0860
GVID-101023,php-cve-2000-0967
GVID-101024,php-cve-2001-0108
GVID-101025,php-cve-2001-1246
GVID-101026,php-cve-2001-1247
GVID-101027,php-cve-2001-1385
GVID-101028,php-cve-2002-0081
GVID-101029,php-cve-2002-0121
GVID-101030,php-cve-2002-0229
GVID-101031,php-cve-2002-0253
GVID-101032,php-cve-2002-0484
GVID-101033,php-cve-2002-0717
GVID-101034,php-cve-2002-0985
GVID-101035,php-cve-2002-0986
GVID-101036,php-cve-2002-1396
GVID-101037,php-cve-2002-1783
GVID-101038,php-cve-2002-1954
GVID-101039,php-cve-2002-2214
GVID-101040,php-cve-2002-2215
GVID-101041,php-cve-2002-2309
GVID-101042,php-cve-2003-0097
GVID-101043,php-cve-2003-0166
GVID-101044,php-cve-2003-0172
GVID-101045,php-cve-2003-0249
GVID-101046,php-cve-2003-0442
GVID-101047,php-cve-2003-0860
GVID-101048,php-cve-2003-0861
GVID-101049,php-cve-2003-0863
GVID-101050,php-cve-2003-1302
GVID-101051,php-cve-2003-1303
GVID-101052,php-cve-2004-0542
GVID-101053,php-cve-2004-0594
GVID-101054,php-cve-2004-0595
GVID-101055,php-cve-2004-0958
GVID-101056,php-cve-2004-0959
GVID-101057,php-cve-2004-1019
GVID-101058,php-cve-2004-1020
GVID-101059,php-cve-2004-1065
GVID-101060,php-cve-2004-1392
GVID-101061,php-cve-2005-0524
GVID-101062,php-cve-2005-0525
GVID-101063,php-cve-2005-0596
GVID-101064,php-cve-2005-1042
GVID-101065,php-cve-2005-1043
GVID-101066,php-cve-2005-3054
GVID-101067,php-cve-2005-3319
GVID-101068,php-cve-2005-3353
GVID-101069,php-cve-2005-3388
GVID-101070,php-cve-2005-3389
GVID-101071,php-cve-2005-3390
GVID-101072,php-cve-2005-3391
GVID-101073,php-cve-2005-3392
GVID-101074,php-cve-2005-3883
GVID-101075,php-cve-2006-0097
GVID-101076,php-cve-2006-0200
GVID-101077,php-cve-2006-0207
GVID-101078,php-cve-2006-0208
GVID-101079,php-cve-2006-0996
GVID-101080,php-cve-2006-1014
GVID-101081,php-cve-2006-1015
GVID-101082,php-cve-2006-1017
GVID-101083,php-cve-2006-1490
GVID-101084,php-cve-2006-1494
GVID-101085,php-cve-2006-1549
GVID-101086,php-cve-2006-1608
GVID-101087,php-cve-2006-1990
GVID-101088,php-cve-2006-1991
GVID-101089,php-cve-2006-2563
GVID-101090,php-cve-2006-2660
GVID-101091,php-cve-2006-3011
GVID-101092,php-cve-2006-3017
GVID-101093,php-cve-2006-4020
GVID-101094,php-cve-2006-4023
GVID-101095,php-cve-2006-4433
GVID-101096,php-cve-2006-4481
GVID-101097,php-cve-2006-4482
GVID-101098,php-cve-2006-4483
GVID-101099,php-cve-2006-4484
GVID-101100,php-cve-2006-4485
GVID-101101,php-cve-2006-4486
GVID-101102,php-cve-2006-4625
GVID-101103,php-cve-2006-4812
GVID-101104,php-cve-2006-5178
GVID-101105,php-cve-2006-5465
GVID-101106,php-cve-2006-5706
GVID-101107,php-cve-2006-6383
GVID-101108,php-cve-2006-7204
GVID-101109,php-cve-2006-7243
GVID-101110,php-cve-2007-0448
GVID-101111,php-cve-2007-0905
GVID-101112,php-cve-2007-0906
GVID-101113,php-cve-2007-0907
GVID-101114,php-cve-2007-0908
GVID-101115,php-cve-2007-0909
GVID-101116,php-cve-2007-0910
GVID-101117,php-cve-2007-0911
GVID-101118,php-cve-2007-0988
GVID-101119,php-cve-2007-1001
GVID-101120,php-cve-2007-1285
GVID-101121,php-cve-2007-1286
GVID-101122,php-cve-2007-1287
GVID-101123,php-cve-2007-1375
GVID-101124,php-cve-2007-1376
GVID-101125,php-cve-2007-1378
GVID-101126,php-cve-2007-1379
GVID-101127,php-cve-2007-1380
GVID-101128,php-cve-2007-1381
GVID-101129,php-cve-2007-1383
GVID-101130,php-cve-2007-1396
GVID-101131,php-cve-2007-1399
GVID-101132,php-cve-2007-1401
GVID-101133,php-cve-2007-1411
GVID-101134,php-cve-2007-1412
GVID-101135,php-cve-2007-1413
GVID-101136,php-cve-2007-1452
GVID-101137,php-cve-2007-1453
GVID-101138,php-cve-2007-1454
GVID-101139,php-cve-2007-1460
GVID-101140,php-cve-2007-1461
GVID-101141,php-cve-2007-1475
GVID-101142,php-cve-2007-1484
GVID-101143,php-cve-2007-1521
GVID-101144,php-cve-2007-1522
GVID-101145,php-cve-2007-1581
GVID-101146,php-cve-2007-1582
GVID-101147,php-cve-2007-1583
GVID-101148,php-cve-2007-1584
GVID-101149,php-cve-2007-1649
GVID-101150,php-cve-2007-1700
GVID-101151,php-cve-2007-1701
GVID-101152,php-cve-2007-1709
GVID-101153,php-cve-2007-1710
GVID-101154,php-cve-2007-1711
GVID-101155,php-cve-2007-1717
GVID-101156,php-cve-2007-1718
GVID-101157,php-cve-2007-1777
GVID-101158,php-cve-2007-1824
GVID-101159,php-cve-2007-1825
GVID-101160,php-cve-2007-1835
GVID-101161,php-cve-2007-1864
GVID-101162,php-cve-2007-1883
GVID-101163,php-cve-2007-1884
GVID-101164,php-cve-2007-1885
GVID-101165,php-cve-2007-1886
GVID-101166,php-cve-2007-1887
GVID-101167,php-cve-2007-1888
GVID-101168,php-cve-2007-1889
GVID-101169,php-cve-2007-1890
GVID-101170,php-cve-2007-1900
GVID-101171,php-cve-2007-2369
GVID-101172,php-cve-2007-2509
GVID-101173,php-cve-2007-2510
GVID-101174,php-cve-2007-2511
GVID-101175,php-cve-2007-2727
GVID-101176,php-cve-2007-2748
GVID-101177,php-cve-2007-2844
GVID-101178,php-cve-2007-2872
GVID-101179,php-cve-2007-3007
GVID-101180,php-cve-2007-3294
GVID-101181,php-cve-2007-3378
GVID-101182,php-cve-2007-3790
GVID-101183,php-cve-2007-3799
GVID-101184,php-cve-2007-3806
GVID-101185,php-cve-2007-3996
GVID-101186,php-cve-2007-3997
GVID-101187,php-cve-2007-3998
GVID-101188,php-cve-2007-4010
GVID-101189,php-cve-2007-4033
GVID-101190,php-cve-2007-4255
GVID-101191,php-cve-2007-4441
GVID-101192,php-cve-2007-4507
GVID-101193,php-cve-2007-4528
GVID-101194,php-cve-2007-4586
GVID-101195,php-cve-2007-4652
GVID-101196,php-cve-2007-4657
GVID-101197,php-cve-2007-4658
GVID-101198,php-cve-2007-4659
GVID-101199,php-cve-2007-4660
GVID-101200,php-cve-2007-4661
GVID-101201,php-cve-2007-4662
GVID-101202,php-cve-2007-4663
GVID-101203,php-cve-2007-4670
GVID-101204,php-cve-2007-4782
GVID-101205,php-cve-2007-4783
GVID-101206,php-cve-2007-4784
GVID-101207,php-cve-2007-4825
GVID-101208,php-cve-2007-4840
GVID-101209,php-cve-2007-4850
GVID-101210,php-cve-2007-4887
GVID-101211,php-cve-2007-4889
GVID-101212,php-cve-2007-5128
GVID-101213,php-cve-2007-5424
GVID-101214,php-cve-2007-5447
GVID-101215,php-cve-2007-5653
GVID-101216,php-cve-2007-5898
GVID-101217,php-cve-2007-5899
GVID-101218,php-cve-2007-5900
GVID-101219,php-cve-2007-6039
GVID-101220,php-cve-2008-0145
GVID-101221,php-cve-2008-0599
GVID-101222,php-cve-2008-1384
GVID-101223,php-cve-2008-2050
GVID-101224,php-cve-2008-2051
GVID-101225,php-cve-2008-2107
GVID-101226,php-cve-2008-2108
GVID-101227,php-cve-2008-2665
GVID-101228,php-cve-2008-2666
GVID-101229,php-cve-2008-2829
GVID-101230,php-cve-2008-3658
GVID-101231,php-cve-2008-3659
GVID-101232,php-cve-2008-3660
GVID-101233,php-cve-2008-4107
GVID-101234,php-cve-2008-5498
GVID-101235,php-cve-2008-5557
GVID-101236,php-cve-2008-5624
GVID-101237,php-cve-2008-5625
GVID-101238,php-cve-2008-5658
GVID-101239,php-cve-2008-5814
GVID-101240,php-cve-2008-5844
GVID-101241,php-cve-2008-7002
GVID-101242,php-cve-2008-7068
GVID-101243,php-cve-2009-0754
GVID-101244,php-cve-2009-1271
GVID-101245,php-cve-2009-1272
GVID-101246,php-cve-2009-2626
GVID-101247,php-cve-2009-2687
GVID-101248,php-cve-2009-3291
GVID-101249,php-cve-2009-3292
GVID-101250,php-cve-2009-3293
GVID-101251,php-cve-2009-3294
GVID-101252,php-cve-2009-3546
GVID-101253,php-cve-2009-3557
GVID-101254,php-cve-2009-3558
GVID-101255,php-cve-2009-3559
GVID-101256,php-cve-2009-4017
GVID-101257,php-cve-2009-4018
GVID-101258,php-cve-2009-4142
GVID-101259,php-cve-2009-4143
GVID-101260,php-cve-2009-4418
GVID-101261,php-cve-2009-5016
GVID-101262,php-cve-2010-0397
GVID-101263,php-cve-2010-1128
GVID-101264,php-cve-2010-1129
GVID-101265,php-cve-2010-1130
GVID-101266,php-cve-2010-1860
GVID-101267,php-cve-2010-1861
GVID-101268,php-cve-2010-1862
GVID-101269,php-cve-2010-1864
GVID-101270,php-cve-2010-1866
GVID-101271,php-cve-2010-1868
GVID-101272,php-cve-2010-1914
GVID-101273,php-cve-2010-1915
GVID-101274,php-cve-2010-1917
GVID-101275,php-cve-2010-2093
GVID-101276,php-cve-2010-2094
GVID-101277,php-cve-2010-2097
GVID-101278,php-cve-2010-2100
GVID-101279,php-cve-2010-2101
GVID-101280,php-cve-2010-2190
GVID-101281,php-cve-2010-2191
GVID-101282,php-cve-2010-2225
GVID-101283,php-cve-2010-2484
GVID-101284,php-cve-2010-2531
GVID-101285,php-cve-2010-2950
GVID-101286,php-cve-2010-3062
GVID-101287,php-cve-2010-3063
GVID-101288,php-cve-2010-3064
GVID-101289,php-cve-2010-3065
GVID-101290,php-cve-2010-3436
GVID-101291,php-cve-2010-3709
GVID-101292,php-cve-2010-3710
GVID-101293,php-cve-2010-3870
GVID-101294,php-cve-2010-4150
GVID-101295,php-cve-2010-4409
GVID-101296,php-cve-2010-4645
GVID-101297,php-cve-2010-4697
GVID-101298,php-cve-2010-4698
GVID-101299,php-cve-2010-4699
GVID-101300,php-cve-2010-4700
GVID-101301,php-cve-2011-0420
GVID-101302,php-cve-2011-0421
GVID-101303,php-cve-2011-0441
GVID-101304,php-cve-2011-0708
GVID-101305,php-cve-2011-0752
GVID-101306,php-cve-2011-0753
GVID-101307,php-cve-2011-0754
GVID-101308,php-cve-2011-0755
GVID-101309,php-cve-2011-1092
GVID-101310,php-cve-2011-1148
GVID-101311,php-cve-2011-1153
GVID-101312,php-cve-2011-1398
GVID-101313,php-cve-2011-1464
GVID-101314,php-cve-2011-1466
GVID-101315,php-cve-2011-1467
GVID-101316,php-cve-2011-1468
GVID-101317,php-cve-2011-1469
GVID-101318,php-cve-2011-1470
GVID-101319,php-cve-2011-1471
GVID-101320,php-cve-2011-1657
GVID-101321,php-cve-2011-1938
GVID-101322,php-cve-2011-2202
GVID-101323,php-cve-2011-2483
GVID-101324,php-cve-2011-3182
GVID-101325,php-cve-2011-3189
GVID-101326,php-cve-2011-3267
GVID-101327,php-cve-2011-3268
GVID-101328,php-cve-2011-3379
GVID-101329,php-cve-2011-3389
GVID-101330,php-cve-2011-4153
GVID-101331,php-cve-2011-4566
GVID-101332,php-cve-2011-4718
GVID-101333,php-cve-2011-4885
GVID-101334,php-cve-2012-0057
GVID-101335,php-cve-2012-0781
GVID-101336,php-cve-2012-0788
GVID-101337,php-cve-2012-0789
GVID-101338,php-cve-2012-0830
GVID-101339,php-cve-2012-0831
GVID-101340,php-cve-2012-1171
GVID-101341,php-cve-2012-1172
GVID-101342,php-cve-2012-1823
GVID-101343,php-cve-2012-1823
GVID-101344,php-cve-2012-2143
GVID-101345,php-cve-2012-2311
GVID-101346,php-cve-2012-2329
GVID-101347,php-cve-2012-2335
GVID-101348,php-cve-2012-2336
GVID-101349,php-cve-2012-2376
GVID-101350,php-cve-2012-2386
GVID-101351,php-cve-2012-2688
GVID-101352,php-cve-2012-3365
GVID-101353,php-cve-2012-3450
GVID-101354,php-cve-2012-4388
GVID-101355,php-cve-2012-6113
GVID-101356,php-cve-2013-1635
GVID-101357,php-cve-2013-1643
GVID-101358,php-cve-2013-1824
GVID-101359,php-cve-2013-2110
GVID-101360,php-cve-2013-4113
GVID-101361,php-cve-2013-4248
GVID-101362,php-cve-2013-4635
GVID-101363,php-cve-2013-4636
GVID-101364,php-cve-2013-6420
GVID-101365,php-cve-2013-6501
GVID-101366,php-cve-2013-6712
GVID-101367,php-cve-2013-7226
GVID-101368,php-cve-2013-7327
GVID-101369,php-cve-2013-7328
GVID-101370,php-cve-2014-0185
GVID-101371,php-cve-2014-0207
GVID-101372,php-cve-2014-0236
GVID-101373,php-cve-2014-0237
GVID-101374,php-cve-2014-0238
GVID-101375,php-cve-2014-2020
GVID-101376,php-cve-2014-2497
GVID-101377,php-cve-2014-3478
GVID-101378,php-cve-2014-3479
GVID-101379,php-cve-2014-3480
GVID-101380,php-cve-2014-3487
GVID-101381,php-cve-2014-3515
GVID-101382,php-cve-2014-3587
GVID-101383,php-cve-2014-3597
GVID-101384,php-cve-2014-3668
GVID-101385,php-cve-2014-3669
GVID-101386,php-cve-2014-3670
GVID-101387,php-cve-2014-3710
GVID-101388,php-cve-2014-3981
GVID-101389,php-cve-2014-4670
GVID-101390,php-cve-2014-4698
GVID-101391,php-cve-2014-4721
GVID-101392,php-cve-2014-5120
GVID-101393,php-cve-2014-5459
GVID-101394,php-cve-2014-8142
GVID-101395,php-cve-2014-8626
GVID-101396,php-cve-2014-9425
GVID-101397,php-cve-2014-9426
GVID-101398,php-cve-2014-9427
GVID-101399,php-cve-2014-9652
GVID-101400,php-cve-2014-9653
GVID-101401,php-cve-2014-9705
GVID-101402,php-cve-2014-9709
GVID-101403,php-cve-2014-9767
GVID-101404,php-cve-2014-9912
GVID-101405,php-cve-2015-0231
GVID-101406,php-cve-2015-0232
GVID-101407,php-cve-2015-0273
GVID-101408,php-cve-2015-1351
GVID-101409,php-cve-2015-1352
GVID-101410,php-cve-2015-2301
GVID-101411,php-cve-2015-2331
GVID-101412,php-cve-2015-2348
GVID-101413,php-cve-2015-2783
GVID-101414,php-cve-2015-2787
GVID-101415,php-cve-2015-3307
GVID-101416,php-cve-2015-3329
GVID-101417,php-cve-2015-3330
GVID-101418,php-cve-2015-3411
GVID-101419,php-cve-2015-3412
GVID-101420,php-cve-2015-4021
GVID-101421,php-cve-2015-4022
GVID-101422,php-cve-2015-4024
GVID-101423,php-cve-2015-4025
GVID-101424,php-cve-2015-4026
GVID-101425,php-cve-2015-4116
GVID-101426,php-cve-2015-4147
GVID-101427,php-cve-2015-4148
GVID-101428,php-cve-2015-4598
GVID-101429,php-cve-2015-4599
GVID-101430,php-cve-2015-4600
GVID-101431,php-cve-2015-4601
GVID-101432,php-cve-2015-4602
GVID-101433,php-cve-2015-4603
GVID-101434,php-cve-2015-4604
GVID-101435,php-cve-2015-4605
GVID-101436,php-cve-2015-4642
GVID-101437,php-cve-2015-4643
GVID-101438,php-cve-2015-4644
GVID-101439,php-cve-2015-5589
GVID-101440,php-cve-2015-5590
GVID-101441,php-cve-2015-6831
GVID-101442,php-cve-2015-6832
GVID-101443,php-cve-2015-6833
GVID-101444,php-cve-2015-6834
GVID-101445,php-cve-2015-6835
GVID-101446,php-cve-2015-6836
GVID-101447,php-cve-2015-6837
GVID-101448,php-cve-2015-6838
GVID-101449,php-cve-2015-7803
GVID-101450,php-cve-2015-7804
GVID-101451,php-cve-2015-8616
GVID-101452,php-cve-2015-8617
GVID-101453,php-cve-2015-8835
GVID-101454,php-cve-2015-8838
GVID-101455,php-cve-2015-8865
GVID-101456,php-cve-2015-8866
GVID-101457,php-cve-2015-8867
GVID-101458,php-cve-2015-8873
GVID-101459,php-cve-2015-8874
GVID-101460,php-cve-2015-8876
GVID-101461,php-cve-2015-8877
GVID-101462,php-cve-2015-8878
GVID-101463,php-cve-2015-8879
GVID-101464,php-cve-2015-8880
GVID-101465,php-cve-2015-8935
GVID-101466,php-cve-2015-8994
GVID-101467,php-cve-2015-9253
GVID-101468,php-cve-2016-10158
GVID-101469,php-cve-2016-10159
GVID-101470,php-cve-2016-10160
GVID-101471,php-cve-2016-10161
GVID-101472,php-cve-2016-10162
GVID-101473,php-cve-2016-10397
GVID-101474,php-cve-2016-10712
GVID-101475,php-cve-2016-1903
GVID-101476,php-cve-2016-1904
GVID-101477,php-cve-2016-2554
GVID-101478,php-cve-2016-3078
GVID-101479,php-cve-2016-3132
GVID-101480,php-cve-2016-3141
GVID-101481,php-cve-2016-3142
GVID-101482,php-cve-2016-3185
GVID-101483,php-cve-2016-4070
GVID-101484,php-cve-2016-4071
GVID-101485,php-cve-2016-4072
GVID-101486,php-cve-2016-4073
GVID-101487,php-cve-2016-4342
GVID-101488,php-cve-2016-4343
GVID-101489,php-cve-2016-4344
GVID-101490,php-cve-2016-4345
GVID-101491,php-cve-2016-4346
GVID-101492,php-cve-2016-4473
GVID-101493,php-cve-2016-4537
GVID-101494,php-cve-2016-4538
GVID-101495,php-cve-2016-4539
GVID-101496,php-cve-2016-4540
GVID-101497,php-cve-2016-4541
GVID-101498,php-cve-2016-4542
GVID-101499,php-cve-2016-4543
GVID-101500,php-cve-2016-4544
GVID-101501,php-cve-2016-5093
GVID-101502,php-cve-2016-5094
GVID-101503,php-cve-2016-5095
GVID-101504,php-cve-2016-5096
GVID-101505,php-cve-2016-5114
GVID-101506,php-cve-2016-5385
GVID-101507,php-cve-2016-5399
GVID-101508,php-cve-2016-5768
GVID-101509,php-cve-2016-5769
GVID-101510,php-cve-2016-5770
GVID-101511,php-cve-2016-5771
GVID-101512,php-cve-2016-5772
GVID-101513,php-cve-2016-5773
GVID-101514,php-cve-2016-6288
GVID-101515,php-cve-2016-6289
GVID-101516,php-cve-2016-6290
GVID-101517,php-cve-2016-6291
GVID-101518,php-cve-2016-6292
GVID-101519,php-cve-2016-6294
GVID-101520,php-cve-2016-6295
GVID-101521,php-cve-2016-6296
GVID-101522,php-cve-2016-6297
GVID-101523,php-cve-2016-7124
GVID-101524,php-cve-2016-7125
GVID-101525,php-cve-2016-7126
GVID-101526,php-cve-2016-7127
GVID-101527,php-cve-2016-7128
GVID-101528,php-cve-2016-7129
GVID-101529,php-cve-2016-7130
GVID-101530,php-cve-2016-7131
GVID-101531,php-cve-2016-7132
GVID-101532,php-cve-2016-7133
GVID-101533,php-cve-2016-7134
GVID-101534,php-cve-2016-7411
GVID-101535,php-cve-2016-7412
GVID-101536,php-cve-2016-7413
GVID-101537,php-cve-2016-7414
GVID-101538,php-cve-2016-7416
GVID-101539,php-cve-2016-7417
GVID-101540,php-cve-2016-7418
GVID-101541,php-cve-2016-7478
GVID-101542,php-cve-2016-7479
GVID-101543,php-cve-2016-7480
GVID-101544,php-cve-2016-7568
GVID-101545,php-cve-2016-9137
GVID-101546,php-cve-2016-9138
GVID-101547,php-cve-2016-9934
GVID-101548,php-cve-2016-9935
GVID-101549,php-cve-2016-9936
GVID-101550,php-cve-2017-11142
GVID-101551,php-cve-2017-11143
GVID-101552,php-cve-2017-11144
GVID-101553,php-cve-2017-11145
GVID-101554,php-cve-2017-11147
GVID-101555,php-cve-2017-11362
GVID-101556,php-cve-2017-11628
GVID-101557,php-cve-2017-12932
GVID-101558,php-cve-2017-12933
GVID-101559,php-cve-2017-12934
GVID-101560,php-cve-2017-16642
GVID-101561,php-cve-2017-5340
GVID-101562,php-cve-2017-7189
GVID-101563,php-cve-2017-7272
GVID-101564,php-cve-2017-7890
GVID-101565,php-cve-2017-8923
GVID-101566,php-cve-2017-9118
GVID-101567,php-cve-2017-9119
GVID-101568,php-cve-2017-9120
GVID-101569,php-cve-2018-10545
GVID-101570,php-cve-2018-10546
GVID-101571,php-cve-2018-10547
GVID-101572,php-cve-2018-10548
GVID-101573,php-cve-2018-10549
GVID-101574,php-cve-2018-12882
GVID-101575,php-cve-2018-14851
GVID-101576,php-cve-2018-14883
GVID-101577,php-cve-2018-14884
GVID-101578,php-cve-2018-15132
GVID-101579,php-cve-2018-17082
GVID-101580,php-cve-2018-19395
GVID-101581,php-cve-2018-19396
GVID-101582,php-cve-2018-19518
GVID-101583,php-cve-2018-19520
GVID-101584,php-cve-2018-19935
GVID-101585,php-cve-2018-20783
GVID-101586,php-cve-2018-5711
GVID-101587,php-cve-2018-5712
GVID-101588,php-cve-2018-7584
GVID-101589,php-cve-2019-11034
GVID-101590,php-cve-2019-11035
GVID-101591,php-cve-2019-11036
GVID-101592,php-cve-2019-11038
GVID-101593,php-cve-2019-11039
GVID-101594,php-cve-2019-11040
GVID-101595,php-cve-2019-11041
GVID-101596,php-cve-2019-11042
GVID-101597,php-cve-2019-6977
GVID-101598,php-cve-2019-9020
GVID-101599,php-cve-2019-9021
GVID-101600,php-cve-2019-9022
GVID-101601,php-cve-2019-9023
GVID-101602,php-cve-2019-9024
GVID-101603,php-cve-2019-9025
GVID-101604,php-cve-2019-9637
GVID-101605,php-cve-2019-9638
GVID-101606,php-cve-2019-9639
GVID-101607,php-cve-2019-9640
GVID-101608,php-cve-2019-9641
GVID-101609,php-cve-2019-9675
GVID-101610,php-ecalloc-integer-overflow
GVID-101611,php-fixed-an-integer-overflow-inside-chunk-split
GVID-101612,php-fixed-crashes-on-invalid-parameters-in-intl-extension
GVID-101613,php-fixed-dl-to-limit-argument-size-to-maxpathlen
GVID-101614,php-fixed-ext-filter-email-validation-vulnerability
GVID-101615,php-fixed-iconv-functions-to-limit-argument-sizes-cve-2007-4783
GVID-101616,php-fixed-iconv-functions-to-limit-argument-sizes-cve-2007-4840
GVID-101617,php-fixed-mops-2010-24
GVID-101618,php-fixed-null-pointer-dereference-in-ziparchivegetarchivecomment
GVID-101619,php-fixed-possible-flaw-in-open-basedir
GVID-101620,php-fixed-possible-infinite-loop-in-imagecreatefrompng
GVID-101621,php-fixed-possible-invalid-read-in-glob-win32-implementation
GVID-101622,php-fixed-security-issue-in-imagerotate
GVID-101623,php-fixed-security-issue
GVID-101624,php-fixed-security-issues-cve-2008-2666
GVID-101625,php-fixed-splobjectstorage-unserialization-problems
GVID-101626,php-gd-wbmp-used-with-invalid-image-size
GVID-101627,php-iptcembed-interruption-information-leak-vulnerability
GVID-101628,php-mb-strcut-returns-garbage-with-the-excessive-length-parameter
GVID-101629,php-msg-receive-memory-allocation-integer-overflow-vulnerabilty
GVID-101630,php-null-pointer-dereference-when-processing-invalid-xml-rpc-requests
GVID-101631,php-possible-double-free-in-imap-extension
GVID-101632,php-possible-interruption-array-leak-in-strrchr
GVID-101633,php-possible-overflow-inside-memnstr
GVID-101634,php-printf-family-64-bit-casting-vulnerabilities
GVID-101635,php-rewrote-var-export-to-use-smart-str
GVID-101636,php-segfault-in-filter-var-with-filter-validate-email-with-large-amount-of-data
GVID-101637,php-str-replace-memory-allocation-integer-overflow-vulnerability
GVID-101638,php-unserialize-64-bit-array-creation-denial-of-service-vulnerability
GVID-101639,php-upgraded-pcre-to-version-7-8
GVID-101640,php-utf8-decode-vulnerabilities-and-deficiencies-in-the-number-of-reported-malformed-sequences
GVID-101641,php-wddx-session-deserialization-information-leak-vulnerability
